{
  "minecraft:recipes/redstone/noteblock": {
    "criteria": {
      "has_redstone": "2022-12-15 16:26:15 +0200"
    },
    "done": true
  },
  "minecraft:recipes/tools/clock": {
    "criteria": {
      "has_redstone": "2022-12-15 16:26:15 +0200"
    },
    "done": true
  },
  "minecraft:recipes/tools/diamond_pickaxe": {
    "criteria": {
      "has_diamond": "2022-12-15 23:19:21 +0200"
    },
    "done": true
  },
  "minecraft:recipes/tools/diamond_hoe": {
    "criteria": {
      "has_diamond": "2022-12-15 23:19:21 +0200"
    },
    "done": true
  },
  "minecraft:recipes/tools/compass": {
    "criteria": {
      "has_redstone": "2022-12-15 16:26:15 +0200"
    },
    "done": true
  },
  "minecraft:recipes/redstone/repeater": {
    "criteria": {
      "has_redstone_torch": "2022-12-15 16:26:15 +0200"
    },
    "done": true
  },
  "minecraft:recipes/building_blocks/pillar_quartz_block": {
    "criteria": {
      "has_quartz_block": "2022-12-15 23:18:50 +0200"
    },
    "done": true
  },
  "minecraft:recipes/tools/diamond_shovel": {
    "criteria": {
      "has_diamond": "2022-12-15 23:19:21 +0200"
    },
    "done": true
  },
  "minecraft:recipes/redstone/redstone_block": {
    "criteria": {
      "has_at_least_9_redstone": "2022-12-15 16:26:15 +0200"
    },
    "done": true
  },
  "minecraft:recipes/combat/diamond_chestplate": {
    "criteria": {
      "has_diamond": "2022-12-15 23:19:21 +0200"
    },
    "done": true
  },
  "minecraft:recipes/redstone/piston": {
    "criteria": {
      "has_redstone": "2022-12-15 16:26:15 +0200"
    },
    "done": true
  },
  "minecraft:recipes/tools/diamond_axe": {
    "criteria": {
      "has_diamond": "2022-12-15 23:19:21 +0200"
    },
    "done": true
  },
  "minecraft:adventure/adventuring_time": {
    "criteria": {
      "plains": "2022-12-15 16:26:15 +0200"
    },
    "done": false
  },
  "minecraft:recipes/building_blocks/chiseled_quartz_block": {
    "criteria": {
      "has_quartz_block": "2022-12-15 23:18:50 +0200"
    },
    "done": true
  },
  "minecraft:recipes/combat/diamond_leggings": {
    "criteria": {
      "has_diamond": "2022-12-15 23:19:21 +0200"
    },
    "done": true
  },
  "minecraft:recipes/redstone/redstone": {
    "criteria": {
      "has_the_recipe": "2022-12-15 16:26:15 +0200"
    },
    "done": true
  },
  "minecraft:nether/create_beacon": {
    "criteria": {
      "beacon": "2022-12-15 23:19:33 +0200"
    },
    "done": true
  },
  "minecraft:recipes/redstone/redstone_torch": {
    "criteria": {
      "has_redstone": "2022-12-15 16:26:15 +0200"
    },
    "done": true
  },
  "minecraft:recipes/building_blocks/stone_brick_slab": {
    "criteria": {
      "has_stonebrick": "2022-12-15 16:26:15 +0200"
    },
    "done": true
  },
  "minecraft:recipes/decorations/chest": {
    "criteria": {
      "has_lots_of_items": "2022-12-15 16:26:28 +0200"
    },
    "done": true
  },
  "minecraft:recipes/misc/diamond": {
    "criteria": {
      "has_diamond_block": "2022-12-15 23:19:20 +0200"
    },
    "done": true
  },
  "minecraft:recipes/combat/diamond_boots": {
    "criteria": {
      "has_diamond": "2022-12-15 23:19:21 +0200"
    },
    "done": true
  },
  "minecraft:recipes/building_blocks/quartz_stairs": {
    "criteria": {
      "has_quartz_block": "2022-12-15 23:18:50 +0200"
    },
    "done": true
  },
  "minecraft:recipes/building_blocks/quartz_slab": {
    "criteria": {
      "has_quartz_block": "2022-12-15 23:18:50 +0200"
    },
    "done": true
  },
  "minecraft:story/mine_diamond": {
    "criteria": {
      "diamond": "2022-12-15 23:19:21 +0200"
    },
    "done": true
  },
  "minecraft:recipes/combat/diamond_helmet": {
    "criteria": {
      "has_diamond": "2022-12-15 23:19:21 +0200"
    },
    "done": true
  },
  "minecraft:recipes/redstone/dropper": {
    "criteria": {
      "has_redstone": "2022-12-15 16:26:15 +0200"
    },
    "done": true
  },
  "minecraft:recipes/combat/diamond_sword": {
    "criteria": {
      "has_diamond": "2022-12-15 23:19:21 +0200"
    },
    "done": true
  },
  "minecraft:recipes/building_blocks/chiseled_stonebrick": {
    "criteria": {
      "has_stonebrick": "2022-12-15 16:26:15 +0200"
    },
    "done": true
  },
  "minecraft:recipes/building_blocks/stone_brick_stairs": {
    "criteria": {
      "has_stonebrick": "2022-12-15 16:26:15 +0200"
    },
    "done": true
  },
  "minecraft:recipes/decorations/jukebox": {
    "criteria": {
      "has_diamond": "2022-12-15 23:19:21 +0200"
    },
    "done": true
  }
}