{"stat.chestOpened":5,"stat.beaconInteraction":1,"stat.walkOneCm":166977,"stat.useItem.minecraft.lever":9,"stat.pickup.minecraft.redstone_torch":33,"stat.pickup.minecraft.sign":21,"stat.useItem.minecraft.repeater":36,"stat.leaveGame":5,"stat.drop.minecraft.redstone":1,"stat.useItem.minecraft.lava_bucket":2,"stat.jump":140,"stat.useItem.minecraft.redstone_block":6,"stat.useItem.minecraft.redstone":236,"stat.crouchOneCm":2882,"stat.useItem.minecraft.stone_button":5,"stat.sprintOneCm":3749,"stat.useItem.minecraft.stone_slab2":31,"stat.useItem.minecraft.redstone_ore":58,"stat.useItem.minecraft.water_bucket":2,"stat.pickup.minecraft.repeater":32,"stat.brewingstandInteraction":2,"stat.useItem.minecraft.stonebrick":40,"stat.useItem.customnpcs.npcwand":2,"stat.flyOneCm":348682,"stat.pickup.minecraft.lever":8,"stat.drop":1,"stat.pickup.minecraft.diamond":1,"stat.playOneMinute":257610,"stat.pickup.minecraft.stone_button":3,"stat.sneakTime":3056,"stat.pickup.minecraft.redstone":214,"stat.useItem.minecraft.wool":72,"stat.timeSinceDeath":257610,"stat.useItem.minecraft.sign":11}